
insert into favorites(TrailId,UserId,createdAt,updatedAt) 
values(7006663,1,CURRENT_TIMESTAMP,CURRENT_TIMESTAMP);
insert into favorites(TrailId,Userid,createdAt,updatedAt) 
values(7002175,1,CURRENT_TIMESTAMP,CURRENT_TIMESTAMP);
insert into favorites(TrailId,Userid,createdAt,updatedAt) 
values(7011192,1, CURRENT_TIMESTAMP,CURRENT_TIMESTAMP);
insert into favorites(TrailId,Userid,createdAt,updatedAt) 
values(7000130,1, CURRENT_TIMESTAMP,CURRENT_TIMESTAMP);
insert into favorites(TrailId,Userid,createdAt,updatedAt) 
values(7000276,1, CURRENT_TIMESTAMP,CURRENT_TIMESTAMP);
insert into favorites(TrailId,Userid,createdAt,updatedAt) 
values(7004226,1, CURRENT_TIMESTAMP,CURRENT_TIMESTAMP);
insert into favorites(TrailId,Userid,createdAt,updatedAt) 
values(7000487,1, CURRENT_TIMESTAMP,CURRENT_TIMESTAMP);
insert into favorites(TrailId,Userid,createdAt,updatedAt) 
values(7002074,1, CURRENT_TIMESTAMP,CURRENT_TIMESTAMP);
insert into favorites(TrailId,Userid,createdAt,updatedAt) 
values(7001041,1, CURRENT_TIMESTAMP,CURRENT_TIMESTAMP);
insert into favorites(TrailId,Userid,createdAt,updatedAt) 
values(7003636,1, CURRENT_TIMESTAMP,CURRENT_TIMESTAMP);

insert into locations(name,lat,lon,createdAt,updatedAt) 
values("Bailey",39.1352586,-108.2956396,CURRENT_TIMESTAMP,CURRENT_TIMESTAMP);
insert into locations(name,lat,lon,createdAt,updatedAt) 
values("Estes Park",40.376129,-105.523651,CURRENT_TIMESTAMP,CURRENT_TIMESTAMP);
insert into locations(name,lat,lon,createdAt,updatedAt) 
values("Evergreen",39.633518,-105.328888,CURRENT_TIMESTAMP,CURRENT_TIMESTAMP);
insert into locations(name,lat,lon,createdAt,updatedAt) 
values("Pine",39.469791,-105.376762,CURRENT_TIMESTAMP,CURRENT_TIMESTAMP);
insert into locations(name,lat,lon,createdAt,updatedAt) 
values("Fraser",39.947635,-105.818866,CURRENT_TIMESTAMP,CURRENT_TIMESTAMP);
insert into locations(name,lat,lon,createdAt,updatedAt) 
values("Rocky Mt. National Park",39.140701,-105.658967,CURRENT_TIMESTAMP,CURRENT_TIMESTAMP);

insert into trails(TrailId,createdAt,updatedAt) 
values(7002175,CURRENT_TIMESTAMP,CURRENT_TIMESTAMP);
insert into trails(TrailId,createdAt,updatedAt) 
values(7011192, CURRENT_TIMESTAMP,CURRENT_TIMESTAMP);
insert into trails(TrailId,createdAt,updatedAt) 
values(7000130, CURRENT_TIMESTAMP,CURRENT_TIMESTAMP);
insert into trails(TrailId,createdAt,updatedAt) 
values(7000276, CURRENT_TIMESTAMP,CURRENT_TIMESTAMP);
insert into trails(TrailId,createdAt,updatedAt) 
values(7004226, CURRENT_TIMESTAMP,CURRENT_TIMESTAMP);
insert into trails(TrailId,createdAt,updatedAt) 
values(7000487, CURRENT_TIMESTAMP,CURRENT_TIMESTAMP);
insert into trails(TrailId,createdAt,updatedAt) 
values(7002074, CURRENT_TIMESTAMP,CURRENT_TIMESTAMP);
insert into trails(TrailId,createdAt,updatedAt) 
values(7001041, CURRENT_TIMESTAMP,CURRENT_TIMESTAMP);
insert into trails(TrailId,createdAt,updatedAt) 
values(7003636, CURRENT_TIMESTAMP,CURRENT_TIMESTAMP);

